{"cameraMode":{"drawMode":0,"name":"Shaded","section":"Shading Mode"},"sceneLighting":true,"audioPlay":false,"sceneViewState":{"showFog":true,"showMaterialUpdate":false,"showSkybox":true,"showFlares":true,"showImageEffects":true,"showParticleSystems":true},"in2DMode":false,"pivot":{"x":-53.343223571777347,"y":2.05922794342041,"z":-47.83322525024414},"rotation":{"x":-0.017618855461478235,"y":-0.36146724224090578,"z":0.006832314655184746,"w":-0.9322003126144409},"size":1.4696012735366822,"orthographic":false}